,test_loss,test_acc,test_mse,test_mae
0,38.113906756043434,0.9639449390041588,2.673097027017628,1.0625271495065651
