,test_loss,test_acc,test_mse,test_mae
0,1.3944522142410278,0.8823127023685449,1.1308672765280976,0.9957704157456003
