,test_loss,test_acc,test_mse,test_mae
0,5.110925197601318,0.8270200353165695,5.056058012723375,1.476512792717736
