,test_loss,test_acc,test_mse,test_mae
0,10.491564750671387,0.597118616104126,10.491566,2.5576184
