,test_loss,test_acc,test_mse,test_mae
0,0.5897890031337738,0.9733263925963873,0.2577183447793118,0.4811215229582269
