,test_loss,test_acc,test_mse,test_mae
0,1.6651897430419922,0.9741583659335585,0.7416102207505795,0.5397862446280711
