,test_loss,test_acc,test_mse,test_mae
0,14.091737747192383,0.6108765104585041,4.055890540760744,1.9176444146729414
