,test_loss,test_acc,test_mse,test_mae
0,19.65137481689453,0.8004995991497565,6.317844327614306,2.2124863066925387
