,test_loss,test_acc,test_mse,test_mae
0,12.116676025092602,0.9718449966320795,2.1002058271589887,0.522502370753167
