,test_loss,test_acc,test_mse,test_mae
0,0.2905112560838461,0.9951727170448235,0.04472099193815263,0.10260661882211293
