,test_loss,test_acc,test_mse,test_mae
0,10.346520602703094,0.9148890572934418,0.7840745106177506,0.717380480492713
