,test_loss,test_acc,test_mse,test_mae
0,27.641309931874275,0.9721071898349217,2.113010789571166,0.9124684524094074
