,test_loss,test_acc,test_mse,test_mae
0,14.813736338168383,0.9731021186069267,1.9920776605550212,0.5578934470912713
