,test_loss,test_acc,test_mse,test_mae
0,0.3315905574709177,0.9956888352459075,0.03972844805276608,0.09642754726733516
