,test_loss,test_acc,test_mse,test_mae
0,14.400596380233765,0.7361076148052963,8.417524699037939,2.4108634251014887
