,test_loss,test_acc,test_mse,test_mae
0,28.07104790955782,0.7895404000524641,1.9642806574645582,0.7915279632577068
