,test_loss,test_acc,test_mse,test_mae
0,269.741761226207,0.7435125086034673,19.01580337912515,2.6085714830433506
