,test_loss,test_acc,test_mse,test_mae
0,131.5485214451328,0.8503851890563965,10.49853,1.4417858
