,test_loss,test_acc,test_mse,test_mae
0,12.346912648528814,0.9056869149208069,1.0229002,0.4938442
