,test_loss,test_acc,test_mse,test_mae
0,1.004370540380478,0.9821822218913226,0.5415607334813632,0.4568541077734522
