,test_loss,test_acc,test_mse,test_mae
0,0.28937297593802214,0.9945707975351524,0.050174903971541125,0.11130191922853494
