,test_loss,test_acc,test_mse,test_mae
0,12.474316502455622,0.9676877759896351,2.447668931038517,0.5388103043531222
