,test_loss,test_acc,test_mse,test_mae
0,1.9285058975219727,0.8463838332708472,1.539765600778598,1.1861182347106218
