,test_loss,test_acc,test_mse,test_mae
0,0.09473051875829697,0.9962546865114841,0.03608103749298919,0.15065138021378013
