,test_loss,test_acc,test_mse,test_mae
0,0.6902970373630524,0.9897636463235645,0.2996657801219349,0.33269658418773096
