,test_loss,test_acc,test_mse,test_mae
0,7.760660886764526,0.7784262700472604,2.2399161467408994,1.437014995484598
