,test_loss,test_acc,test_mse,test_mae
0,12.497391700744629,0.8767282082434718,3.6229499922377157,1.7456343670877126
