,test_loss,test_acc,test_mse,test_mae
0,31.02260336279869,0.986461301585334,3.6816302853470275,1.160333930618589
