,test_loss,test_acc,test_mse,test_mae
0,10.418150663375854,0.7080442324965146,3.0013867148875644,1.6629703750643927
