,test_loss,test_acc,test_mse,test_mae
0,15.500210762023926,0.8420371227772799,4.810652925895847,1.9741805471057976
