,test_loss,test_acc,test_mse,test_mae
0,1.1072806119918823,0.9870992876879524,0.3730638829495274,0.33138536393582246
