,test_loss,test_acc,test_mse,test_mae
0,0.2693796902894974,0.9968281647342917,0.031144568493378263,0.14255547419304593
