,test_loss,test_acc,test_mse,test_mae
0,0.275116378441453,0.9948379637481519,0.04787052069077859,0.1040469428511096
