,test_loss,test_acc,test_mse,test_mae
0,12.103973522782326,0.969588789160728,2.2931280716375735,0.5245236946976787
