,test_loss,test_acc,test_mse,test_mae
0,0.2895653825253248,0.9950445946648585,0.04582227444240139,0.10348985896406765
