,test_loss,test_acc,test_mse,test_mae
0,43.613149493932724,0.9594071984775965,2.9816256655037447,1.1358573890098669
