,test_loss,test_acc,test_mse,test_mae
0,8.590929418802261,0.9400568055623071,0.5625078996589699,0.5911351355077085
