,test_loss,test_acc,test_mse,test_mae
0,50.79232965409756,0.9531386516344774,3.4238742966767206,1.2427097202996311
