,test_loss,test_acc,test_mse,test_mae
0,287.6036487817764,0.7265734693879691,20.08374713562283,2.7567650665337626
