,test_loss,test_acc,test_mse,test_mae
0,15.281019458547235,0.880276399758945,1.1134443090735875,0.5799981851344995
