,test_loss,test_acc,test_mse,test_mae
0,2.7575031518936157,0.9594821257103626,1.2924215578782154,0.9042578024855812
