,test_loss,test_acc,test_mse,test_mae
0,2.1776987314224243,0.9253022102116142,0.7612269042629569,0.822099665769515
