,test_loss,test_acc,test_mse,test_mae
0,1.1348840594291687,0.9883165782363329,0.37267271350927383,0.35297296594019006
