,test_loss,test_acc,test_mse,test_mae
0,0.6966981589794159,0.9909405395931078,0.09232274501518957,0.2327218348412349
