,test_loss,test_acc,test_mse,test_mae
0,0.20613951981067657,0.9910104100724724,0.08660255869535895,0.22843812939112745
