,test_loss,test_acc,test_mse,test_mae
0,1.4366972148418427,0.9796610856027543,0.595414816871215,0.48036968212276066
