,test_loss,test_acc,test_mse,test_mae
0,9.329173803329468,0.9085868640370774,2.6426371333881686,1.4791574741314208
