,test_loss,test_acc,test_mse,test_mae
0,5.198780179023743,0.847382189197273,1.48704996239894,1.1756082062833841
