,test_loss,test_acc,test_mse,test_mae
0,5.480944633483887,0.7581225033389518,7.611940880641368,1.7463204783922615
