,test_loss,test_acc,test_mse,test_mae
0,1.9067822694778442,0.8390240332478931,1.5714803489326663,1.1977898995262086
