,test_loss,test_acc,test_mse,test_mae
0,0.0712549239397049,0.9967508912086487,0.03526532,0.15550268
