,test_loss,test_acc,test_mse,test_mae
0,0.3962950333952904,0.99344801902771,0.1706229,0.31975433
