,test_loss,test_acc,test_mse,test_mae
0,0.9459509253501892,0.9875476838465818,0.36531476300938304,0.3218829396333987
