,test_loss,test_acc,test_mse,test_mae
0,0.23245784640312195,0.9971167491120055,0.027931109642301284,0.13068308185651561
