,test_loss,test_acc,test_mse,test_mae
0,1.8037118911743164,0.9696447121803304,0.9226308598293841,0.7187222632622147
