,test_loss,test_acc,test_mse,test_mae
0,1.1915510296821594,0.9531085418227603,0.46851964735797785,0.6521252217787001
