,test_loss,test_acc,test_mse,test_mae
0,21.57238221168518,0.9797143936157227,5.6040344,1.3431802
