,test_loss,test_acc,test_mse,test_mae
0,1.3943904638290405,0.9372464883911632,0.6063196063509695,0.6750825492705584
