,test_loss,test_acc,test_mse,test_mae
0,62.94078254699707,0.9423187393009191,4.168212343266915,1.384934889766238
