,test_loss,test_acc,test_mse,test_mae
0,23.672377958893776,0.9736143946647644,1.8514863,0.9534783
