,test_loss,test_acc,test_mse,test_mae
0,19.662115544080734,0.8551000356674194,1.5715551,0.86600935
