,test_loss,test_acc,test_mse,test_mae
0,1.5566130876541138,0.9758294115378051,0.7075857748256321,0.5694251164825406
