,test_loss,test_acc,test_mse,test_mae
0,0.5944049656391144,0.9704990031355363,0.2842022642993873,0.5124641240854573
