,test_loss,test_acc,test_mse,test_mae
0,0.26537247002124786,0.9972615325824795,0.027361609952678997,0.127926352628551
