,test_loss,test_acc,test_mse,test_mae
0,0.8965390026569366,0.9882713269429009,0.3564860188977421,0.31591748781415424
