,test_loss,test_acc,test_mse,test_mae
0,35.02563616633415,0.9872335744383228,3.4679620549173302,1.2241776352377136
