,test_loss,test_acc,test_mse,test_mae
0,0.15034344792366028,0.9969706445682986,0.02926939936517747,0.13974512792668164
