,test_loss,test_acc,test_mse,test_mae
0,1.0271652936935425,0.9875258657670553,0.35798608626611506,0.34087462935101526
