,test_loss,test_acc,test_mse,test_mae
0,0.22600124776363373,0.9921535799777308,0.07601115076530636,0.21914364728356142
