,test_loss,test_acc,test_mse,test_mae
0,1.099229872226715,0.9812363754510038,0.5504702073784047,0.4562601157122439
