,test_loss,test_acc,test_mse,test_mae
0,28.230203859508038,0.9853610433548907,3.9843773831969114,1.17529173598492
