,test_loss,test_acc,test_mse,test_mae
0,1.832527756690979,0.9693032727943144,0.9005527554992612,0.7053255419397502
