,test_loss,test_acc,test_mse,test_mae
0,1.1481142044067383,0.9519670850679086,0.46531247731298925,0.6542403092445228
