,test_loss,test_acc,test_mse,test_mae
0,2.0515507459640503,0.968590789196767,0.9082941979639031,0.6994724698852359
