,test_loss,test_acc,test_mse,test_mae
0,1.1586211919784546,0.9524016044442933,0.4673734183444692,0.6547208052903789
