,test_loss,test_acc,test_mse,test_mae
0,0.21978756040334702,0.9904826283454895,0.10330034,0.24896352
