,test_loss,test_acc,test_mse,test_mae
0,0.29961418360471725,0.9955208074415015,0.04141983044120037,0.09710073729268541
