,test_loss,test_acc,test_mse,test_mae
0,12.34016759134829,0.9731144757153473,1.9969692427978034,0.529438672217002
