,test_loss,test_acc,test_mse,test_mae
0,0.5813910663127899,0.9730895757675171,0.29208165,0.5165897
