,test_loss,test_acc,test_mse,test_mae
0,0.8884950578212738,0.9827526807785034,0.44914368,0.5398614
