,test_loss,test_acc,test_mse,test_mae
0,4.484913349151611,0.8688912227766902,1.2960119224157287,1.0945078125039047
