,test_loss,test_acc,test_mse,test_mae
0,8.733082056045532,0.9121028463470967,2.5201436378309796,1.4442817416019782
