,test_loss,test_acc,test_mse,test_mae
0,7.171291470527649,0.8550869502727464,4.251327686018214,1.7057611367673007
