,test_loss,test_acc,test_mse,test_mae
0,2.6879175901412964,0.8873286586680216,1.091488639227533,0.9536729840896353
