,test_loss,test_acc,test_mse,test_mae
0,18.84818410873413,0.5971186757087708,10.491565,2.5576184
