,test_loss,test_acc,test_mse,test_mae
0,1.2940014004707336,0.9800167060488668,0.5734859877792695,0.4613821526673187
