,test_loss,test_acc,test_mse,test_mae
0,4.8779296875,0.8259391903706318,5.113217044088706,1.5201282545624977
