,test_loss,test_acc,test_mse,test_mae
0,1.7679888010025024,0.8486984913455382,1.4569938910066753,1.147900901915168
