,test_loss,test_acc,test_mse,test_mae
0,1.2265134453773499,0.9805061582989981,0.5637245527743168,0.46004980120543904
