,test_loss,test_acc,test_mse,test_mae
0,0.23329445719718933,0.9915195123723619,0.08327075829937282,0.22638140010112742
