,test_loss,test_acc,test_mse,test_mae
0,0.7208194530685432,0.9858849048614502,0.15308933,0.10088327
