,test_loss,test_acc,test_mse,test_mae
0,31.813452154397964,0.7745617411157429,2.1315394512148274,0.8948908705618503
